{
  "name": "PF182-A01",
  "version": "1.0.0",
  "author": "Duc Dung Nguyen",
  "email": "nddung (at) hcmut.edu.vn",

  "WelcomeText": {
    "line1": "******************************************************************************",
    "line2": "*                  Welcome to CSE-HealthCare System                          *",
    "line3": "*     This is a simple application designed for the first assignment of PF   *",
    "line4": "* course (CO1011, Semester 182). The student must demonstrate the ability to *",
    "line5": "* write a program for a given problem. The student need to analyze the       *",
    "line6": "* requirements of the problem before implementing the application.           *",
    "line7": "******************************************************************************",
    "line8": "Email: nddung@hcmut.edu.vn",
    "line9": "(c) 2019 Duc Dung Nguyen All Rights Reserved."
  },
  "Menu": {
    "opt1": "Introduction",
    "opt2": "Login",
    "opt3": "Registration",
    "opt4": "Help",
    "opt5": "Exit"
  },
  "IntroTime": 3,
}
